﻿{"name":"Theme 2 - Light","dataColors":["#4F73B8","#09B39D","#F1963A","#F06549","#8783FF","#1C2632","#8793A3","#DBDFE4","#3599B8","#DFBFBF","#4AC5BB","#5F6B6D","#FB8281","#F4D25A","#7F898A","#A4DDEE","#FDAB89","#B687AC","#28738A","#A78F8F","#168980","#293537","#BB4A4A","#B59525","#475052","#6A9FB0","#BD7150","#7B4F71","#1B4D5C","#706060","#0F5C55","#1C2325"],"textClasses":{"callout":{"fontFace":"'Segoe UI Bold', wf_segoe-ui_bold, helvetica, arial, sans-serif","fontSize":11,"color":"#1C2632"},"title":{"fontFace":"'Segoe UI Bold', wf_segoe-ui_bold, helvetica, arial, sans-serif","color":"#1C2632","fontSize":9},"label":{"color":"#8793A3","fontSize":8,"fontFace":"wf_standard-font, helvetica, arial, sans-serif"},"header":{"color":"#1C2632"}},"bad":"#F06549","neutral":"#F1963A","good":"#09B39D","minimum":"#DBDFE4","center":"#95A9CE","maximum":"#4F73B8","foreground":"#1C2632","foregroundNeutralSecondary":"#8793A3","backgroundLight":"#DBDFE4","foregroundNeutralTertiary":"#4F73B8","background":"#DBDFE4","backgroundNeutral":"#B4BAC3","visualStyles":{"*":{"*":{"background":[{"color":{"solid":{"color":"#FFFFFF"}},"transparency":0}],"border":[{"color":{"solid":{"color":"#FFFFFF"}},"show":false,"radius":4}],"visualHeader":[{"transparency":0}],"visualTooltip":[{"titleFontColor":{"solid":{"color":"#252423"}},"valueFontColor":{"solid":{"color":"#252423"}},"background":{"solid":{"color":"#FFFFFF"}}}],"filterCard":[{"$id":"Applied","backgroundColor":{"solid":{"color":"#FFFFFF"}},"transparency":0},{"$id":"Available","backgroundColor":{"solid":{"color":"#FFFFFF"}},"foregroundColor":{"solid":{"color":"#252423"}},"transparency":0}]}},"page":{"*":{"background":[{"color":{"solid":{"color":"#F6F8FB"}},"transparency":0}],"outspace":[{"color":{"solid":{"color":"#FFFFFF"}}}]}}}}