﻿{"name":"Theme 1 - Light","dataColors":["#4E7CFF","#7033FF","#F65164","#22C0FF","#DC7653","#252423","#717A90","#EEF1F7","#3599B8","#DFBFBF","#4AC5BB","#5F6B6D","#FB8281","#F4D25A","#7F898A","#A4DDEE","#FDAB89","#B687AC","#28738A","#A78F8F","#168980","#293537","#BB4A4A","#B59525","#475052","#6A9FB0","#BD7150","#7B4F71","#1B4D5C","#706060","#0F5C55","#1C2325"],"textClasses":{"callout":{"fontFace":"'Segoe UI Bold', wf_segoe-ui_bold, helvetica, arial, sans-serif","fontSize":11,"color":"#252423"},"title":{"fontFace":"'Segoe UI Bold', wf_segoe-ui_bold, helvetica, arial, sans-serif","color":"#252423","fontSize":9},"label":{"color":"#717A90","fontSize":8,"fontFace":"wf_standard-font, helvetica, arial, sans-serif"},"header":{"color":"#252423"}},"bad":"#F65164","neutral":"#DC7653","good":"#4E7CFF","minimum":"#EEF1F7","center":"#9EB6FB","maximum":"#4E7CFF","foreground":"#252423","foregroundNeutralSecondary":"#717A90","backgroundLight":"#EEF1F7","foregroundNeutralTertiary":"#4E7CFF","background":"#EEF1F7","backgroundNeutral":"#B4BAC3","visualStyles":{"*":{"*":{"background":[{"color":{"solid":{"color":"#FFFFFF"}},"transparency":0}],"border":[{"color":{"solid":{"color":"#FFFFFF"}},"show":false,"radius":4}],"visualHeader":[{"transparency":0}],"visualTooltip":[{"titleFontColor":{"solid":{"color":"#252423"}},"valueFontColor":{"solid":{"color":"#252423"}},"background":{"solid":{"color":"#FFFFFF"}}}],"filterCard":[{"$id":"Applied","backgroundColor":{"solid":{"color":"#FFFFFF"}},"transparency":0},{"$id":"Available","backgroundColor":{"solid":{"color":"#FFFFFF"}},"foregroundColor":{"solid":{"color":"#252423"}},"transparency":0}]}},"page":{"*":{"background":[{"color":{"solid":{"color":"#F6F8FC"}},"transparency":0}],"outspace":[{"color":{"solid":{"color":"#FFFFFF"}}}]}}}}